<?xml version="1.0" encoding="UTF-8"?>
<project-private xmlns="http://www.netbeans.org/ns/project-private/1">
    <editor-bookmarks xmlns="http://www.netbeans.org/ns/editor-bookmarks/2" lastBookmarkId="0"/>
    <open-files xmlns="http://www.netbeans.org/ns/projectui-open-files/2">
        <group>
            <file>file:/C:/Users/stevs/OneDrive/Documentos/USAC/ipc1%200770/LAB/Agenda/src/agenda/Agenda.java</file>
            <file>file:/C:/Users/stevs/OneDrive/Documentos/USAC/ipc1%200770/LAB/Agenda/src/agenda/colabrs/ListaDoble.java</file>
            <file>file:/C:/Users/stevs/OneDrive/Documentos/USAC/ipc1%200770/LAB/Agenda/src/agenda/tablers/ListaCircularSimple.java</file>
            <file>file:/C:/Users/stevs/OneDrive/Documentos/USAC/ipc1%200770/LAB/Agenda/src/agenda/colabrs/NodoCol.java</file>
            <file>file:/C:/Users/stevs/OneDrive/Documentos/USAC/ipc1%200770/LAB/Agenda/src/agenda/tablers/Tablero.java</file>
            <file>file:/C:/Users/stevs/OneDrive/Documentos/USAC/ipc1%200770/LAB/Agenda/src/agenda/colabrs/ListaSimpleColab.java</file>
        </group>
    </open-files>
</project-private>
