<?xml version="1.0" encoding="UTF-8"?>
<project-private xmlns="http://www.netbeans.org/ns/project-private/1">
    <editor-bookmarks xmlns="http://www.netbeans.org/ns/editor-bookmarks/2" lastBookmarkId="0"/>
    <open-files xmlns="http://www.netbeans.org/ns/projectui-open-files/2">
        <group>
            <file>file:/C:/Users/stevs/OneDrive/Documentos/USAC/ipc1%200770/LAB/ManejoDeStockYVentas/src/manejodestockyventas/Insumo.java</file>
            <file>file:/C:/Users/stevs/OneDrive/Documentos/USAC/ipc1%200770/LAB/ManejoDeStockYVentas/src/Ventanas/RegistrarInsumo.java</file>
            <file>file:/C:/Users/stevs/OneDrive/Documentos/USAC/ipc1%200770/LAB/ManejoDeStockYVentas/src/Ventanas/VentanaInicio.java</file>
            <file>file:/C:/Users/stevs/OneDrive/Documentos/USAC/ipc1%200770/LAB/ManejoDeStockYVentas/src/manejodestockyventas/Inventario.java</file>
            <file>file:/C:/Users/stevs/OneDrive/Documentos/USAC/ipc1%200770/LAB/ManejoDeStockYVentas/src/Ventanas/RegistrarProducto.java</file>
            <file>file:/C:/Users/stevs/OneDrive/Documentos/USAC/ipc1%200770/LAB/ManejoDeStockYVentas/src/manejodestockyventas/Producto.java</file>
        </group>
    </open-files>
</project-private>
